fasta_id	sequence	sequence_cluster_id
ASO_0000	AAAATACAGGTCATTGA	0
ASO_0001	AAACAGACATTTTAACTGAG	1
ASO_0002	AAACTATACAAATCTTC	2
ASO_0003	AAAGTCACACAATTACACTT	3
ASO_0004	AAAGTGAGGACCTGCAC	4
ASO_0005	AAATACAGGTCATTGAA	5
ASO_0006	AAATCAGTTTCTCACTACAG	6
ASO_0007	AAATCTTCCAAGTGATC	7
ASO_0008	AAATTCTGACAAGTTTA	8
ASO_0009	AAATTGATGATGCCCTGCAC	9
ASO_0010	AACAGATGAGTTAAGGG	10
ASO_0011	AACATGCCTCTCTTCAT	11
ASO_0012	AACATGGAATCCATGCA	12
ASO_0013	AACCAGCACCCCGTCTCCGC	13
ASO_0014	AACTATACAAATCTTCC	14
ASO_0015	AACTCGCTAGGCCACGCCGA	15
ASO_0016	AAGAAATTCTGACAAGT	16
ASO_0017	AAGATTACAGTGTTTAA	17
ASO_0018	AAGGGAATGTTTATTGG	18
ASO_0019	AAGTCACACAATTACAC	3
ASO_0020	AAGTCATCTGCTTTTTC	19
ASO_0021	AAGTCTCCAACATGCCTCTC	20
ASO_0022	AAGTCTGGCAAAATACA	21
ASO_0023	AAGTGAGGACCTGCACT	22
ASO_0024	AAGTGATCATAAATCAGTTT	23
ASO_0025	AAGTGCCATACAGGGTT	24
ASO_0026	AAGTTTAATACCCATCT	25
ASO_0027	AATAAGTGCCATACAGG	26
ASO_0028	AATACAGGTCATTGAAA	27
ASO_0029	AATACCCATCTGTGATT	28
ASO_0030	AATACCCATCTGTGATTTAA	28
ASO_0031	AATAGACACATCGGCCACAC	29
ASO_0032	AATAGCCTCATAATAAG	30
ASO_0033	AATCAGTTTCTCACTAC	6
ASO_0034	AATCCATGCAGGCCTTC	31
ASO_0035	AATCTTCCAAGTGATCA	23
ASO_0036	AATCTTCCAAGTGATCATAA	23
ASO_0037	AATGATGCAATGGTCTCCTG	32
ASO_0038	AATGCTTCCCCACACCT	33
ASO_0039	AATGGTCTCCTGAGAGTGAG	34
ASO_0040	AATGTTTATCAGGATA	35
ASO_0041	AATGTTTATCAGGATAC	35
ASO_0042	AATGTTTATCAGGATACATT	35
ASO_0043	AATGTTTATTGGGCGAT	36
ASO_0044	AATTACACCACAAGCCA	37
ASO_0045	AATTACACTTTTAAGATTAC	38
ASO_0046	AATTCTGACAAGTTTAA	39
ASO_0047	AATTTGGATTCTTTTAATAG	40
ASO_0048	ACAAGTTTAATACCCAT	41
ASO_0049	ACACAATTACACTTTTAAGA	42
ASO_0050	ACACCACAAGCCAAACG	43
ASO_0051	ACACCACAAGCCAAACGACT	43
ASO_0052	ACACCTTCACTGGTCCA	44
ASO_0053	ACACCTTCACTGGTCCATTA	44
ASO_0054	ACACTTTTAAGATTACAGTG	45
ASO_0055	ACAGCTAGCAGGATAAC	46
ASO_0056	ACAGGCTTGAATGACAAAGA	47
ASO_0057	ACAGGGTTTTTATTCAC	48
ASO_0058	ACAGGTACTTTAAAGCA	49
ASO_0059	ACAGGTCATTGAAACAG	50
ASO_0060	ACAGTGTTTAATGTTT	35
ASO_0061	ACAGTGTTTAATGTTTA	35
ASO_0062	ACAGTGTTTAATGTTTAT	35
ASO_0063	ACATCCAAGGGAATGTT	51
ASO_0064	ACATGCCTCTCTTCATC	52
ASO_0065	ACATGGAATCCATGCAG	53
ASO_0066	ACATTTCTACAGCTAG	54
ASO_0067	ACCACAAGCCAAACGACTTC	55
ASO_0068	ACCAGTGTGCGGCCAATGAT	56
ASO_0069	ACCATCTTTGTCAGCAGTCA	57
ASO_0070	ACCCATCTGTGATTTAA	28
ASO_0071	ACCTCCGCGCCTCGCCCACT	58
ASO_0072	ACCTGCACTGGTACAGC	59
ASO_0073	ACCTGCACTGGTACAGCCTG	59
ASO_0074	ACCTTCACTGGTCCATT	44
ASO_0075	ACGACGCAAACCAGCACCCC	60
ASO_0076	ACGCTGCAGGAGACTAC	61
ASO_0077	ACTACATCCAAGGGAAT	62
ASO_0078	ACTATACAAATCTTCCA	63
ASO_0079	ACTCATGAACATGGAATCCA	64
ASO_0080	ACTCTGAAAAAGTCACACAA	65
ASO_0081	ACTGCAACGGAAACCCCAGA	66
ASO_0082	ACTGGGCCGTCGCCCTTCAG	67
ASO_0083	ACTGGTACAGCCTGCTGTAT	68
ASO_0084	ACTGGTCCATTACTTTC	69
ASO_0085	ACTTTAAAGCAACTCTGAAA	70
ASO_0086	ACTTTATAGGCCAGACCTCC	71
ASO_0087	ACTTTCCTTCTGCTCGA	72
ASO_0088	ACTTTCTTCATTTCCAC	73
ASO_0089	ACTTTTAAGATTACAGTGTT	45
ASO_0090	AGAAATTCTGACAAGTT	16
ASO_0091	AGACACATCGGCCACAC	29
ASO_0092	AGACATTTTAACTGAGT	74
ASO_0093	AGACCTCCGCGCCTCGCCCA	75
ASO_0094	AGACTACATCCAAGGGA	76
ASO_0095	AGAGGATTAAAGTGAGG	77
ASO_0096	AGATCACAGAATCTTCAATA	78
ASO_0097	AGATTACAGTGTTTAAT	79
ASO_0098	AGCAACTCTGAAAAAGTCAC	80
ASO_0099	AGCACCCCGTCTCCGCGACT	81
ASO_0100	AGCAGGATAACAGATGA	82
ASO_0101	AGCAGGATAACAGATGAGTT	82
ASO_0102	AGCAGTCACATTGCCCA	83
ASO_0103	AGCCTCATAATAAGTGC	26
ASO_0104	AGCCTCATAATAAGTGCCAT	26
ASO_0105	AGCTAGCAGGATAACAG	84
ASO_0106	AGGACCTGCACTGGTAC	85
ASO_0107	AGGAGACTACGACGCAAACC	86
ASO_0108	AGGATAACAGATGAGTT	82
ASO_0109	AGGATACATTTCTACAG	54
ASO_0110	AGGATACATTTCTACAGC	54
ASO_0111	AGGATACATTTCTACAGCTA	54
ASO_0112	AGGATTAAAGTGAGGAC	87
ASO_0113	AGGCTTGAATGACAAAGAAA	47
ASO_0114	AGGGTTTTTATTCACAG	88
ASO_0115	AGGTACTTTAAAGCAAC	89
ASO_0116	AGGTACTTTAAAGCAACTCT	89
ASO_0117	AGGTCATTGAAACAGAC	90
ASO_0118	AGTCATCTGCTTTTTCA	91
ASO_0119	AGTCTGGCAAAATACAG	92
ASO_0120	AGTGAGATCACAGAATCTTC	93
ASO_0121	AGTGAGGACCTGCACTG	94
ASO_0122	AGTGATCATAAATCAGT	23
ASO_0123	AGTGCCATACAGGGTTT	24
ASO_0124	AGTGTTTAATGTTTAT	35
ASO_0125	AGTGTTTAATGTTTATC	35
ASO_0126	AGTGTTTAATGTTTATCA	35
ASO_0127	AGTGTTTAATGTTTATCAGG	35
ASO_0128	AGTTTAATACCCATCTG	95
ASO_0129	AGTTTCTCACTACAGGT	6
ASO_0130	ATAAAACTATACAAATC	96
ASO_0131	ATAACAGATGAGTTAAG	97
ASO_0132	ATAACTCGCTAGGCCACGCC	98
ASO_0133	ATAAGTGCCATACAGGG	26
ASO_0134	ATAATAAGTGCCATACA	26
ASO_0135	ATAATAAGTGCCATACAGGG	26
ASO_0136	ATACAAATCTTCCAAGT	99
ASO_0137	ATACAGGGTTTTTATTC	100
ASO_0138	ATACAGGTCATTGAAAC	101
ASO_0139	ATACATTTCTACAGCT	54
ASO_0140	ATACATTTCTACAGCTA	54
ASO_0141	ATACATTTCTACAGCTAG	54
ASO_0142	ATAGAGGATTAAAGTGA	102
ASO_0143	ATAGCCTCATAATAAGT	26
ASO_0144	ATAGCCTCATAATAAGTGCC	26
ASO_0145	ATCACAGAATCTTCAATAGA	103
ASO_0146	ATCAGTTTCTCACTACA	6
ASO_0147	ATCAGTTTCTCACTACAGGT	6
ASO_0148	ATCCAAGGGAATGTTTA	104
ASO_0149	ATCCATGCAGGCCTTCA	105
ASO_0150	ATCCTTTGGCCCACCGT	106
ASO_0151	ATCTGCTTTTTCATGGA	107
ASO_0152	ATCTGTGATTTAAGTCT	28
ASO_0153	ATCTTCAATAGACACATCGG	108
ASO_0154	ATCTTCCAAGTGATCAT	23
ASO_0155	ATGAACATGGAATCCAT	109
ASO_0156	ATGATGCCCTGCACTGGGCC	110
ASO_0157	ATGCAATGGTCTCCTGAGAG	111
ASO_0158	ATGCAGGCCTTCAGTCA	112
ASO_0159	ATGCCTCTCTTCATCCT	113
ASO_0160	ATGCTTCCCCACACCTT	114
ASO_0161	ATGGAATCCATGCAGGC	115
ASO_0162	ATGTTTATCAGGATAC	35
ASO_0163	ATGTTTATCAGGATACA	35
ASO_0164	ATGTTTATTGGGCGATC	116
ASO_0165	ATTACACCACAAGCCAA	117
ASO_0166	ATTACAGTGTTTAATGT	118
ASO_0167	ATTACTTTCCTTCTGCT	119
ASO_0168	ATTCACAGGCTTGAATG	120
ASO_0169	ATTCTGACAAGTTTAAT	121
ASO_0170	ATTGAAACAGACATTTT	122
ASO_0171	ATTGAAACAGACATTTTAAC	122
ASO_0172	ATTGATGATGCCCTGCACTG	123
ASO_0173	ATTGGGCGATCCCAATT	124
ASO_0174	ATTTAAGTCTGGCAAAATAC	125
ASO_0175	ATTTCCACCTTTGCCCA	126
ASO_0176	ATTTCCACCTTTGCCCAAGT	126
ASO_0177	ATTTCTACAGCTAGCAG	127
ASO_0178	ATTTCTACAGCTAGCAGGAT	127
ASO_0179	CAAAATACAGGTCATTG	128
ASO_0180	CAAACCAGCACCCCGTCTCC	129
ASO_0181	CAAAGAAATTCTGACAAGTT	16
ASO_0182	CAAATCTTCCAAGTGAT	130
ASO_0183	CAACATGCCTCTCTTCA	131
ASO_0184	CAAGCCAAACGACTTCCAGC	132
ASO_0185	CAAGGGAATGTTTATTG	133
ASO_0186	CAAGTCATCTGCTTTTT	134
ASO_0187	CAAGTGATCATAAATCA	23
ASO_0188	CAAGTTTAATACCCATC	135
ASO_0189	CAATTACACCACAAGCC	136
ASO_0190	CACAAGCCAAACGACTTCCA	137
ASO_0191	CACACCTTCACTGGTCC	44
ASO_0192	CACAGAATCTTCAATAGACA	138
ASO_0193	CACAGGCTTGAATGACA	139
ASO_0194	CACATCGGCCACACCATCTT	140
ASO_0195	CACATTGCCCAAGTCTCCAA	141
ASO_0196	CACCACAAGCCAAACGA	43
ASO_0197	CACCCCGTCTCCGCGACTAC	142
ASO_0198	CACCGTGTTTTCTGGATAGA	143
ASO_0199	CACCTTCACTGGTCCAT	44
ASO_0200	CACGCCGAGGTCCTGGTTCC	144
ASO_0201	CACTACAGGTACTTTAA	6
ASO_0202	CACTACAGGTACTTTAAAGC	6
ASO_0203	CACTGGTCCATTACTTT	145
ASO_0204	CACTTTTAAGATTACAG	45
ASO_0205	CAGAATCTTCAATAGACACA	146
ASO_0206	CAGACTACATCCAAGGG	147
ASO_0207	CAGCAGTCACATTGCCC	83
ASO_0208	CAGCTAGCAGGATAACA	148
ASO_0209	CAGGATAACAGATGAGT	82
ASO_0210	CAGGATACATTTCTACA	54
ASO_0211	CAGGATACATTTCTACAG	54
ASO_0212	CAGGATACATTTCTACAGCT	54
ASO_0213	CAGGCCTTCAGTCAGTCCTT	149
ASO_0214	CAGGGTTTTTATTCACA	150
ASO_0215	CAGGTCATTGAAACAGA	151
ASO_0216	CAGTCACATTGCCCAAGTCT	152
ASO_0217	CAGTCAGTCCTTTAATGCTT	153
ASO_0218	CAGTCCTTTAATGCTTCCCC	154
ASO_0219	CAGTGTGCGGCCAATGATGC	155
ASO_0220	CAGTGTTTAATGTTTA	35
ASO_0221	CAGTGTTTAATGTTTAT	35
ASO_0222	CAGTGTTTAATGTTTATC	35
ASO_0223	CAGTTTCTCACTACAGG	6
ASO_0224	CAGTTTCTCACTACAGGTAC	6
ASO_0225	CATAATAAGTGCCATAC	26
ASO_0226	CATACAGGGTTTTTATT	156
ASO_0227	CATCCAAGGGAATGTTT	157
ASO_0228	CATCCTTTGGCCCACCG	106
ASO_0229	CATCGGCCACACCATCTTTG	158
ASO_0230	CATCTGCTTTTTCATGG	107
ASO_0231	CATCTGCTTTTTCATGGACC	107
ASO_0232	CATCTGTGATTTAAGTC	28
ASO_0233	CATCTGTGATTTAAGTCTGG	28
ASO_0234	CATCTTTGTCAGCAGTCACA	159
ASO_0235	CATGCAGGCCTTCAGTC	112
ASO_0236	CATGCAGGCCTTCAGTCAGT	112
ASO_0237	CATGCCTCTCTTCATCC	160
ASO_0238	CATGGAATCCATGCAGG	161
ASO_0239	CATGGACCACCAGTGTGCGG	162
ASO_0240	CATTACTTTCCTTCTGC	163
ASO_0241	CATTGAAACAGACATTT	164
ASO_0242	CATTGCCCAAGTCTCCAACA	165
ASO_0243	CATTTCCACCTTTGCCC	166
ASO_0244	CATTTCTACAGCTAGC	167
ASO_0245	CATTTCTACAGCTAGCA	167
ASO_0246	CCAACATGCCTCTCTTC	168
ASO_0247	CCAAGGGAATGTTTATT	169
ASO_0248	CCAAGTCATCTGCTTTT	170
ASO_0249	CCAAGTGATCATAAATC	23
ASO_0250	CCAAGTGATCATAAATCAGT	23
ASO_0251	CCAATGATGCAATGGTCTCC	171
ASO_0252	CCAATTACACCACAAGC	172
ASO_0253	CCACACCATCTTTGTCAGCA	173
ASO_0254	CCACACCTTCACTGGTC	44
ASO_0255	CCACACCTTCACTGGTCCAT	44
ASO_0256	CCACCAGTGTGCGGCCAATG	174
ASO_0257	CCACCTTTGCCCAAGTC	175
ASO_0258	CCACTCTGGCCCCAAAC	176
ASO_0259	CCAGACCTCCGCGCCTCGCC	177
ASO_0260	CCAGCACCCCGTCTCCGCGA	178
ASO_0261	CCATAACTCGCTAGGCCACG	179
ASO_0262	CCATACAGGGTTTTTAT	180
ASO_0263	CCATCTGTGATTTAAGT	28
ASO_0264	CCATGCAGGCCTTCAGT	181
ASO_0265	CCATTACTTTCCTTCTG	182
ASO_0266	CCCAAGTCATCTGCTTT	183
ASO_0267	CCCAATTACACCACAAG	184
ASO_0268	CCCACACCTTCACTGG	185
ASO_0269	CCCACACCTTCACTGGT	185
ASO_0270	CCCACCGTGTTTTCTGGATA	186
ASO_0271	CCCACTCTGGCCCCAAA	187
ASO_0272	CCCATCTGTGATTTAAG	28
ASO_0273	CCCATCTGTGATTTAAGTCT	28
ASO_0274	CCCCACACCTTCACTG	185
ASO_0275	CCCCACACCTTCACTGG	185
ASO_0276	CCCCGTCTCCGCGACTACTT	188
ASO_0277	CCCTTCAGCACGCACAC	189
ASO_0278	CCCTTCAGCACGCACACGGC	189
ASO_0279	CCGAGGACTGCAACGGAAAC	190
ASO_0280	CCGAGGTCCTGGTTCCGAGG	191
ASO_0281	CCGCGACTACTTTATAG	192
ASO_0282	CCGCGCCTCGCCCACTCTGG	193
ASO_0283	CCGTCGCCCTTCAGCAC	194
ASO_0284	CCGTCGCCCTTCAGCACGCA	194
ASO_0285	CCGTCTCCGCGACTACTTTA	195
ASO_0286	CCGTGTTTTCTGGATAGAGG	196
ASO_0287	CCTCAGACTACATCCAA	197
ASO_0288	CCTCATAATAAGTGCCA	26
ASO_0289	CCTCATAATAAGTGCCATAC	26
ASO_0290	CCTGCACTGGTACAGCC	59
ASO_0291	CCTTCACTGGTCCATTA	44
ASO_0292	CCTTCTGCTCGAAATTG	198
ASO_0293	CCTTCTGCTCGAAATTGATG	198
ASO_0294	CCTTTAATGCTTCCCCACAC	199
ASO_0295	CCTTTGGCCCACCGTGT	200
ASO_0296	CGAAATTGATGATGCCCTGC	201
ASO_0297	CGACTACTTTATAGGCC	202
ASO_0298	CGATCCCAATTACACCA	203
ASO_0299	CGCAAACCAGCACCCCGTCT	204
ASO_0300	CGCCATAACTCGCTAGGCCA	205
ASO_0301	CGCCCACTCTGGCCCCA	206
ASO_0302	CGCCCTTCAGCACGCAC	189
ASO_0303	CGCCCTTCAGCACGCACACG	189
ASO_0304	CGCCGAGGTCCTGGTTCCGA	207
ASO_0305	CGCGACTACTTTATAGG	192
ASO_0306	CGCTAGGCCACGCCGAGGTC	208
ASO_0307	CGCTGCAGGAGACTACG	209
ASO_0308	CGCTGCAGGAGACTACGACG	209
ASO_0309	CGTCGCCCTTCAGCACG	194
ASO_0310	CTACAGCTAGCAGGATA	127
ASO_0311	CTACAGGTACTTTAAAG	6
ASO_0312	CTACATCCAAGGGAATG	210
ASO_0313	CTACGACGCAAACCAGCACC	211
ASO_0314	CTAGCAGGATAACAGAT	212
ASO_0315	CTAGGCCACGCCGAGGTCCT	213
ASO_0316	CTATACAAATCTTCCAA	214
ASO_0317	CTCACTACAGGTACTTT	6
ASO_0318	CTCACTACAGGTACTTTAAA	6
ASO_0319	CTCAGACTACATCCAAG	215
ASO_0320	CTCATAATAAGTGCCAT	26
ASO_0321	CTCCAACATGCCTCTCT	216
ASO_0322	CTCCGCGACTACTTTATAGG	192
ASO_0323	CTCCGCGCCTCGCCCACTCT	217
ASO_0324	CTCCTGAGAGTGAGATCACA	218
ASO_0325	CTCGAAATTGATGATGCCCT	219
ASO_0326	CTCGCCCACTCTGGCCCCAA	206
ASO_0327	CTCGCTAGGCCACGCCGAGG	220
ASO_0328	CTCTCTTCATCCTTTGG	221
ASO_0329	CTCTTCATCCTTTGGCC	222
ASO_0330	CTGACAAGTTTAATACC	223
ASO_0331	CTGCACTGGGCCGTCGCCCT	224
ASO_0332	CTGCACTGGTACAGCCT	59
ASO_0333	CTGCACTGGTACAGCCTGCT	59
ASO_0334	CTGCAGGAGACTACGACGCA	225
ASO_0335	CTGCTTTTTCATGGACC	107
ASO_0336	CTGGATAGAGGATTAAA	226
ASO_0337	CTGGCAAAATACAGGTC	227
ASO_0338	CTGGTCCATTACTTTCC	228
ASO_0339	CTGGTCCATTACTTTCCTTC	228
ASO_0340	CTGGTTCCGAGGACTGCAAC	229
ASO_0341	CTGTATTATCTCCAAACTCA	230
ASO_0342	CTGTGATTTAAGTCTGG	28
ASO_0343	CTTCAATAGACACATCG	108
ASO_0344	CTTCAATAGACACATCGGCC	108
ASO_0345	CTTCACTGGTCCATTAC	231
ASO_0346	CTTCAGCACGCACACGGCCT	232
ASO_0347	CTTCATCCTTTGGCCCA	233
ASO_0348	CTTCCAAGTGATCATAA	23
ASO_0349	CTTCCCCACACCTTCA	185
ASO_0350	CTTCCCCACACCTTCAC	185
ASO_0351	CTTCCCCACACCTTCACT	185
ASO_0352	CTTCTGCTCGAAATTGA	198
ASO_0353	CTTCTGCTCGAAATTGATGA	198
ASO_0354	CTTTCCTTCTGCTCGAA	72
ASO_0355	CTTTCTTCATTTCCACC	234
ASO_0356	CTTTGCCCAAGTCATCTGCT	235
ASO_0357	CTTTGGCCCACCGTGTT	200
ASO_0358	CTTTGGCCCACCGTGTTTTC	200
ASO_0359	CTTTTAAGATTACAGTG	45
ASO_0360	CTTTTAATAGCCTCATA	236
ASO_0361	CTTTTAATAGCCTCATAATA	236
ASO_0362	CTTTTTCATGGACCACC	237
ASO_0363	CTTTTTCATGGACCACCAGT	237
ASO_0364	GAAATTCTGACAAGTTT	238
ASO_0365	GAACATGGAATCCATGC	239
ASO_0366	GAATCCATGCAGGCCTT	240
ASO_0367	GAATCTTCAATAGACACATC	241
ASO_0368	GAATGACAAAGAAATTCTGA	242
ASO_0369	GAATGTTTATTGGGCGA	243
ASO_0370	GACAAAGAAATTCTGACAAG	244
ASO_0371	GACAAGTTTAATACCCA	245
ASO_0372	GACACATCGGCCACACCATC	246
ASO_0373	GACCACCAGTGTGCGGCCAA	247
ASO_0374	GACCTGCACTGGTACAG	248
ASO_0375	GACGCAAACCAGCACCCCGT	249
ASO_0376	GACTACATCCAAGGGAA	250
ASO_0377	GACTACGACGCAAACCAGCA	251
ASO_0378	GACTACTTTATAGGCCAGAC	252
ASO_0379	GAGACTACGACGCAAACCAG	253
ASO_0380	GAGATCACAGAATCTTC	93
ASO_0381	GAGGACCTGCACTGGTA	85
ASO_0382	GAGGACTGCAACGGAAACCC	254
ASO_0383	GAGGATTAAAGTGAGGA	255
ASO_0384	GAGGTCCTGGTTCCGAGGAC	256
ASO_0385	GAGTTTTATAAAACTAT	257
ASO_0386	GATAACAGATGAGTTAA	97
ASO_0387	GATACATTTCTACAGC	54
ASO_0388	GATACATTTCTACAGCT	54
ASO_0389	GATACATTTCTACAGCTA	54
ASO_0390	GATACATTTCTACAGCTAGC	54
ASO_0391	GATAGAGGATTAAAGTG	258
ASO_0392	GATCATAAATCAGTTTC	23
ASO_0393	GATCCCAATTACACCAC	203
ASO_0394	GATGCCCTGCACTGGGCCGT	259
ASO_0395	GATTAAAGTGAGGACCT	260
ASO_0396	GATTACAGTGTTTAATG	261
ASO_0397	GATTCTTTTAATAGCCTCAT	236
ASO_0398	GATTTAAGTCTGGCAAA	28
ASO_0399	GCAAAATACAGGTCATT	262
ASO_0400	GCAATGGTCTCCTGAGAGTG	263
ASO_0401	GCACTGGGCCGTCGCCCTTC	264
ASO_0402	GCACTGGTACAGCCTGCTGT	265
ASO_0403	GCAGGAGACTACGACGCAAA	266
ASO_0404	GCAGGATAACAGATGAG	82
ASO_0405	GCCACGCCGAGGTCCTGGTT	267
ASO_0406	GCCATACAGGGTTTTTA	268
ASO_0407	GCCCAAGTCATCTGCTT	269
ASO_0408	GCCCAAGTCTCCAACATGCC	270
ASO_0409	GCCCACTCTGGCCCCAA	206
ASO_0410	GCCCTTCAGCACGCACA	189
ASO_0411	GCCGTCGCCCTTCAGCA	271
ASO_0412	GCCTCAGACTACATCCA	272
ASO_0413	GCCTCATAATAAGTGCC	26
ASO_0414	GCCTCGCCCACTCTGGCCCC	273
ASO_0415	GCGACTACTTTATAGGC	202
ASO_0416	GCGACTACTTTATAGGCCAG	202
ASO_0417	GCGATCCCAATTACACC	203
ASO_0418	GCGCCTCGCCCACTCTGGCC	274
ASO_0419	GCGGCCAATGATGCAATGGT	275
ASO_0420	GCTAGCAGGATAACAGA	276
ASO_0421	GCTTCCCCACACCTTCA	185
ASO_0422	GCTTCCCCACACCTTCAC	185
ASO_0423	GCTTCCCCACACCTTCACTG	185
ASO_0424	GCTTGAATGACAAAGAA	47
ASO_0425	GCTTTTTCATGGACCAC	277
ASO_0426	GGAATCCATGCAGGCCT	278
ASO_0427	GGAATGTTTATTGGGCG	279
ASO_0428	GGACCTGCACTGGTACA	280
ASO_0429	GGATAACAGATGAGTTA	97
ASO_0430	GGATAACAGATGAGTTAAGG	97
ASO_0431	GGATACATTTCTACAG	54
ASO_0432	GGATACATTTCTACAGC	54
ASO_0433	GGATACATTTCTACAGCT	54
ASO_0434	GGATAGAGGATTAAAGT	281
ASO_0435	GGATTAAAGTGAGGACC	282
ASO_0436	GGATTCTTTTAATAGCC	40
ASO_0437	GGCAAAATACAGGTCAT	283
ASO_0438	GGCCAATGATGCAATGGTCT	284
ASO_0439	GGCCACACCATCTTTGTCAG	285
ASO_0440	GGCCAGACCTCCGCGCCTCG	286
ASO_0441	GGCCCACCGTGTTTTCTGGA	287
ASO_0442	GGCCTCAGACTACATCC	288
ASO_0443	GGCCTTCAGTCAGTCCTTTA	289
ASO_0444	GGCGATCCCAATTACAC	203
ASO_0445	GGCGATCCCAATTACACC	203
ASO_0446	GGCGATCCCAATTACACCAC	203
ASO_0447	GGCTTGAATGACAAAGA	47
ASO_0448	GGGCCTCAGACTACATC	290
ASO_0449	GGGCGATCCCAATTACA	291
ASO_0450	GGGTTTTTATTCACAGG	292
ASO_0451	GGTCATTGAAACAGACA	293
ASO_0452	GGTCCATTACTTTCCTT	228
ASO_0453	GGTCCTGGTTCCGAGGACTG	294
ASO_0454	GGTTCCGAGGACTGCAACGG	295
ASO_0455	GGTTTTTATTCACAGGC	296
ASO_0456	GTACTTTAAAGCAACTCTGA	297
ASO_0457	GTCACACAATTACACTT	3
ASO_0458	GTCAGTCCTTTAATGCTTCC	298
ASO_0459	GTCATCTGCTTTTTCAT	299
ASO_0460	GTCATTGAAACAGACAT	300
ASO_0461	GTCCATTACTTTCCTTC	228
ASO_0462	GTCCTTTAATGCTTCCCCAC	301
ASO_0463	GTCGCCATAACTCGCTAGGC	302
ASO_0464	GTCGCCCTTCAGCACGC	194
ASO_0465	GTCGCCCTTCAGCACGCA	194
ASO_0466	GTCTCCAACATGCCTCT	20
ASO_0467	GTCTCCGCGACTACTTTATA	303
ASO_0468	GTCTCCTGAGAGTGAGATCA	304
ASO_0469	GTCTGGCAAAATACAGG	305
ASO_0470	GTGAGGACCTGCACTGG	85
ASO_0471	GTGAGGACCTGCACTGGTAC	85
ASO_0472	GTGATCATAAATCAGTT	23
ASO_0473	GTGATCATAAATCAGTTTCT	23
ASO_0474	GTGATTTAAGTCTGGCA	28
ASO_0475	GTGCCATACAGGGTTTT	24
ASO_0476	GTGCGGCCAATGATGCAATG	306
ASO_0477	GTGTGCGGCCAATGATGCAA	307
ASO_0478	GTGTTTAATGTTTATC	35
ASO_0479	GTGTTTAATGTTTATCA	35
ASO_0480	GTGTTTAATGTTTATCAG	35
ASO_0481	GTGTTTAATGTTTATCAGGA	35
ASO_0482	GTTTAATACCCATCTGT	308
ASO_0483	GTTTAATGTTTATCAG	35
ASO_0484	GTTTAATGTTTATCAGG	35
ASO_0485	GTTTAATGTTTATCAGGA	35
ASO_0486	GTTTAATGTTTATCAGGATA	35
ASO_0487	GTTTATCAGGATACATT	35
ASO_0488	GTTTATTGGGCGATCCC	309
ASO_0489	GTTTCTCACTACAGGTA	6
ASO_0490	GTTTCTCACTACAGGTACTT	6
ASO_0491	GTTTTATAAAACTATAC	310
ASO_0492	GTTTTCTGGATAGAGGATTA	311
ASO_0493	GTTTTTATTCACAGGCT	312
ASO_0494	TAAAGTGAGGACCTGCA	313
ASO_0495	TAACAGATGAGTTAAGG	97
ASO_0496	TAACTGAGTTTTATAAAACT	314
ASO_0497	TAAGATTACAGTGTTTA	315
ASO_0498	TAAGTCTGGCAAAATAC	125
ASO_0499	TAAGTGCCATACAGGGT	24
ASO_0500	TAAGTGCCATACAGGGTTTT	24
ASO_0501	TAATAAGTGCCATACAG	26
ASO_0502	TAATACCCATCTGTGAT	28
ASO_0503	TAATGCTTCCCCACACC	33
ASO_0504	TAATGTTTATCAGGAT	35
ASO_0505	TAATGTTTATCAGGATA	35
ASO_0506	TACAAATCTTCCAAGTG	316
ASO_0507	TACACCACAAGCCAAAC	43
ASO_0508	TACAGCTAGCAGGATAA	127
ASO_0509	TACAGGGTTTTTATTCA	317
ASO_0510	TACAGGTACTTTAAAGC	6
ASO_0511	TACAGGTCATTGAAACA	318
ASO_0512	TACAGTGTTTAATGTTT	35
ASO_0513	TACAGTGTTTAATGTTTA	35
ASO_0514	TACATCCAAGGGAATGT	319
ASO_0515	TACATTTCTACAGCTA	54
ASO_0516	TACCCATCTGTGATTTA	28
ASO_0517	TACCCATCTGTGATTTAAGT	28
ASO_0518	TACTTTCCTTCTGCTCG	72
ASO_0519	TACTTTCTTCATTTCCA	320
ASO_0520	TAGACACATCGGCCACACCA	29
ASO_0521	TAGAGGATTAAAGTGAG	321
ASO_0522	TAGCAGGATAACAGATG	322
ASO_0523	TAGCCTCATAATAAGTG	26
ASO_0524	TAGGCCAGACCTCCGCGCCT	323
ASO_0525	TATACAAATCTTCCAAG	324
ASO_0526	TATAGGCCAGACCTCCGCGC	325
ASO_0527	TATCAGGATACATTTCTACA	54
ASO_0528	TATTCACAGGCTTGAAT	326
ASO_0529	TATTGGGCGATCCCAAT	327
ASO_0530	TCAATAGACACATCGGCCAC	328
ASO_0531	TCACACAATTACACTTT	329
ASO_0532	TCACACAATTACACTTTTAA	329
ASO_0533	TCACAGGCTTGAATGAC	330
ASO_0534	TCACTACAGGTACTTTA	6
ASO_0535	TCACTGGTCCATTACTT	331
ASO_0536	TCAGACTACATCCAAGG	332
ASO_0537	TCAGCACGCACACGGCCTTC	333
ASO_0538	TCAGCAGTCACATTGCCCAA	83
ASO_0539	TCAGGATACATTTCTACAGC	54
ASO_0540	TCAGTTTCTCACTACAG	6
ASO_0541	TCATAAATCAGTTTCTCACT	334
ASO_0542	TCATAATAAGTGCCATA	26
ASO_0543	TCATAATAAGTGCCATACAG	26
ASO_0544	TCATCCTTTGGCCCACC	106
ASO_0545	TCATCTGCTTTTTCATG	335
ASO_0546	TCATGAACATGGAATCCATG	109
ASO_0547	TCATTGAAACAGACATT	336
ASO_0548	TCATTTCCACCTTTGCC	337
ASO_0549	TCCAACATGCCTCTCTT	338
ASO_0550	TCCAAGGGAATGTTTAT	339
ASO_0551	TCCAAGTGATCATAAAT	23
ASO_0552	TCCACCTTTGCCCAAGT	126
ASO_0553	TCCATGCAGGCCTTCAG	340
ASO_0554	TCCATTACTTTCCTTCT	341
ASO_0555	TCCCCACACCTTCACT	185
ASO_0556	TCCTGGTTCCGAGGACTGCA	342
ASO_0557	TCCTTCTGCTCGAAATT	343
ASO_0558	TCCTTTGGCCCACCGTG	200
ASO_0559	TCCTTTGGCCCACCGTGTTT	200
ASO_0560	TCGCCCTTCAGCACGCA	194
ASO_0561	TCGGCCACACCATCTTTGTC	344
ASO_0562	TCTACAGCTAGCAGGAT	127
ASO_0563	TCTCACTACAGGTACTT	6
ASO_0564	TCTCCAACATGCCTCTC	20
ASO_0565	TCTCTTCATCCTTTGGC	345
ASO_0566	TCTGAAAAAGTCACACAATT	346
ASO_0567	TCTGACAAGTTTAATAC	347
ASO_0568	TCTGCTCGAAATTGATG	198
ASO_0569	TCTGCTCGAAATTGATGATG	198
ASO_0570	TCTGCTTTTTCATGGAC	107
ASO_0571	TCTGGATAGAGGATTAA	226
ASO_0572	TCTGGCAAAATACAGGT	348
ASO_0573	TCTGTGATTTAAGTCTG	28
ASO_0574	TCTGTGATTTAAGTCTGGCA	28
ASO_0575	TCTTCATCCTTTGGCCC	349
ASO_0576	TCTTCATTTCCACCTTT	350
ASO_0577	TCTTCCAAGTGATCATA	23
ASO_0578	TCTTCCAAGTGATCATAAAT	23
ASO_0579	TCTTTGTCAGCAGTCACATT	351
ASO_0580	TCTTTTAATAGCCTCAT	236
ASO_0581	TGAAAAAGTCACACAATTAC	352
ASO_0582	TGAAACAGACATTTTAACTG	353
ASO_0583	TGAACATGGAATCCATG	109
ASO_0584	TGAATTTGGATTCTTTTAAT	354
ASO_0585	TGACAAGTTTAATACCC	355
ASO_0586	TGAGAGTGAGATCACAGAAT	356
ASO_0587	TGAGATCACAGAATCTTCAA	93
ASO_0588	TGAGGACCTGCACTGGT	85
ASO_0589	TGATCATAAATCAGTTT	23
ASO_0590	TGATGCAATGGTCTCCTGAG	357
ASO_0591	TGATTTAAGTCTGGCAA	28
ASO_0592	TGCAACGGAAACCCCAGACG	358
ASO_0593	TGCAGGCCTTCAGTCAGTCC	359
ASO_0594	TGCCATACAGGGTTTTT	360
ASO_0595	TGCCCAAGTCATCTGCT	235
ASO_0596	TGCCCTGCACTGGGCCGTCG	361
ASO_0597	TGCCTCTCTTCATCCTT	221
ASO_0598	TGCCTCTCTTCATCCTTTGG	221
ASO_0599	TGCTCGAAATTGATGATGCC	362
ASO_0600	TGCTTCCCCACACCTTC	363
ASO_0601	TGCTTTTTCATGGACCA	364
ASO_0602	TGGAATCCATGCAGGCC	365
ASO_0603	TGGACCACCAGTGTGCGGCC	366
ASO_0604	TGGATAGAGGATTAAAG	367
ASO_0605	TGGATTCTTTTAATAGCCTC	40
ASO_0606	TGGCAAAATACAGGTCA	368
ASO_0607	TGGGCCGTCGCCCTTCAGCA	271
ASO_0608	TGGGCGATCCCAATTAC	369
ASO_0609	TGGTCCATTACTTTCCT	228
ASO_0610	TGGTCTCCTGAGAGTGAGAT	370
ASO_0611	TGTCAGCAGTCACATTGCCC	83
ASO_0612	TGTGATTTAAGTCTGGC	28
ASO_0613	TGTGATTTAAGTCTGGCAAA	28
ASO_0614	TGTTTAATGTTTATCA	35
ASO_0615	TGTTTAATGTTTATCAGG	35
ASO_0616	TGTTTATCAGGATACAT	35
ASO_0617	TGTTTATCAGGATACATTTC	35
ASO_0618	TGTTTATTGGGCGATCC	371
ASO_0619	TTAAAGTGAGGACCTGC	372
ASO_0620	TTAAGATTACAGTGTTT	315
ASO_0621	TTAAGTCTGGCAAAATA	125
ASO_0622	TTAATACCCATCTGTGA	28
ASO_0623	TTAATACCCATCTGTGATTT	28
ASO_0624	TTAATGTTTATCAGGA	35
ASO_0625	TTAATGTTTATCAGGAT	35
ASO_0626	TTAATGTTTATCAGGATA	35
ASO_0627	TTAATGTTTATCAGGATACA	35
ASO_0628	TTACACCACAAGCCAAA	43
ASO_0629	TTACACCACAAGCCAAACGA	43
ASO_0630	TTACACTTTTAAGATTACAG	45
ASO_0631	TTACAGTGTTTAATGTT	35
ASO_0632	TTACAGTGTTTAATGTTT	35
ASO_0633	TTACTTTCCTTCTGCTC	72
ASO_0634	TTACTTTCCTTCTGCTCGAA	72
ASO_0635	TTAGTTTGAATTTGGAT	373
ASO_0636	TTAGTTTGAATTTGGATTCT	373
ASO_0637	TTATCAGGATACATTTC	35
ASO_0638	TTATTCACAGGCTTGAA	374
ASO_0639	TTATTGGGCGATCCCAA	375
ASO_0640	TTCACAGGCTTGAATGA	376
ASO_0641	TTCACTGGTCCATTACT	377
ASO_0642	TTCAGTCAGTCCTTTAATGC	378
ASO_0643	TTCATCCTTTGGCCCAC	106
ASO_0644	TTCATCCTTTGGCCCACCGT	106
ASO_0645	TTCATGGACCACCAGTGTGC	379
ASO_0646	TTCATTTCCACCTTTGC	380
ASO_0647	TTCCAAGTGATCATAAATCA	23
ASO_0648	TTCCACCTTTGCCCAAG	126
ASO_0649	TTCCCCACACCTTCAC	185
ASO_0650	TTCCCCACACCTTCACT	185
ASO_0651	TTCCCCACACCTTCACTG	185
ASO_0652	TTCCGAGGACTGCAACGGAA	381
ASO_0653	TTCCTTCTGCTCGAAAT	382
ASO_0654	TTCTACAGCTAGCAGGA	127
ASO_0655	TTCTACAGCTAGCAGGATAA	127
ASO_0656	TTCTCACTACAGGTACT	6
ASO_0657	TTCTCACTACAGGTACTTTA	6
ASO_0658	TTCTGACAAGTTTAATA	383
ASO_0659	TTCTGCTCGAAATTGAT	198
ASO_0660	TTCTTTTAATAGCCTCATAA	236
ASO_0661	TTGCCCAAGTCATCTGC	235
ASO_0662	TTGCCCAAGTCTCCAACATG	384
ASO_0663	TTGGATTCTTTTAATAG	40
ASO_0664	TTGGCCCACCGTGTTTTCTG	385
ASO_0665	TTGGGCGATCCCAATTA	386
ASO_0666	TTTAATACCCATCTGTG	387
ASO_0667	TTTAATGCTTCCCCACACCT	33
ASO_0668	TTTAATGTTTATCAGG	35
ASO_0669	TTTAATGTTTATCAGGAT	35
ASO_0670	TTTATAGGCCAGACCTCCGC	388
ASO_0671	TTTATTCACAGGCTTGA	389
ASO_0672	TTTATTGGGCGATCCCA	390
ASO_0673	TTTCCACCTTTGCCCAA	126
ASO_0674	TTTCCTTCTGCTCGAAA	391
ASO_0675	TTTCTACAGCTAGCAGG	127
ASO_0676	TTTCTCACTACAGGTAC	6
ASO_0677	TTTCTGGATAGAGGATTAAA	226
ASO_0678	TTTGGATTCTTTTAATAGCC	40
ASO_0679	TTTGTCAGCAGTCACATTGC	392
ASO_0680	TTTTAAGATTACAGTGTTTA	315
ASO_0681	TTTTAGTTTGAATTTGG	373
ASO_0682	TTTTAGTTTGAATTTGGATT	373
ASO_0683	TTTTATTCACAGGCTTG	393
ASO_0684	TTTTCATGGACCACCAGTGT	394
ASO_0685	TTTTTATTCACAGGCTT	395
ASO_0686	TTTTTCATGGACCACCA	237
ASO_0687	TTTTTTAGTTTGAATTTGGA	373
